"DateTime","(deg C) Max Temperature (gridMET) at 1, 2000-01-01 to 2004-12-31"
"2000-01-01",8.121
"2000-01-02",3.6105
"2000-01-03",0.0504
"2000-01-04",0.7219
"2000-01-05",2.2631
"2000-01-06",-0.9598
"2000-01-07",0.2178
"2000-01-08",0.8473
"2000-01-09",2.3501
"2000-01-10",5.2509
"2000-01-11",8.9908
"2000-01-12",10.462
"2000-01-13",11.2026
"2000-01-14",12.8599
"2000-01-15",14.836
"2000-01-16",15.7815
"2000-01-17",15.902
"2000-01-18",19.1953
"2000-01-19",17.2619
"2000-01-20",17.0242
"2000-01-21",15.3761
"2000-01-22",12.6116
"2000-01-23",11.7306
"2000-01-24",14.5352
"2000-01-25",15.0405
"2000-01-26",11.8067
"2000-01-27",8.4033
"2000-01-28",5.4081
"2000-01-29",5.7375
"2000-01-30",9.248
"2000-01-31",6.6831
"2000-02-01",6.4514
"2000-02-02",10.4345
"2000-02-03",14.632
"2000-02-04",13.3724
"2000-02-05",14.2453
"2000-02-06",13.9313
"2000-02-07",13.0733
"2000-02-08",15.4275
"2000-02-09",14.1031
"2000-02-10",12.5106
"2000-02-11",11.4593
"2000-02-12",9.2641
"2000-02-13",9.5312
"2000-02-14",14.1619
"2000-02-15",14.342
"2000-02-16",17.0444
"2000-02-17",10.3602
"2000-02-18",8.5408
"2000-02-19",13.5822
"2000-02-20",17.6657
"2000-02-21",14.2023
"2000-02-22",9.862
"2000-02-23",11.9695
"2000-02-24",8.5404
"2000-02-25",3.6784
"2000-02-26",8.467
"2000-02-27",16.9609
"2000-02-28",11.5326
"2000-02-29",11.4027
"2000-03-01",11.4763
"2000-03-02",10.8001
"2000-03-03",14.7992
"2000-03-04",18.2683
"2000-03-05",11.107
"2000-03-06",9.9585
"2000-03-07",8.0596
"2000-03-08",9.0463
"2000-03-09",8.6317
"2000-03-10",8.6681
"2000-03-11",12.6665
"2000-03-12",13.9589
"2000-03-13",15.595
"2000-03-14",16.2495
"2000-03-15",16.1821
"2000-03-16",12.0905
"2000-03-17",13.7391
"2000-03-18",9.372
"2000-03-19",16.0451
"2000-03-20",12.1264
"2000-03-21",9.1029
"2000-03-22",11.0444
"2000-03-23",14.6807
"2000-03-24",16.368
"2000-03-25",17.6712
"2000-03-26",18.1425
"2000-03-27",19.4263
"2000-03-28",13.7866
"2000-03-29",15.3177
"2000-03-30",13.8253
"2000-03-31",12.244
"2000-04-01",10.3522
"2000-04-02",14.6141
"2000-04-03",17.9525
"2000-04-04",23.3869
"2000-04-05",23.6123
"2000-04-06",22.8292
"2000-04-07",22.1727
"2000-04-08",23.537
"2000-04-09",24.3514
"2000-04-10",20.8448
"2000-04-11",20.1889
"2000-04-12",22.2508
"2000-04-13",23.96
"2000-04-14",20.7868
"2000-04-15",16.3036
"2000-04-16",22.0774
"2000-04-17",23.9587
"2000-04-18",16.6339
"2000-04-19",16.1522
"2000-04-20",23.3891
"2000-04-21",26.4039
"2000-04-22",19.4399
"2000-04-23",22.4388
"2000-04-24",23.0352
"2000-04-25",26.0302
"2000-04-26",28.0167
"2000-04-27",29.8639
"2000-04-28",28.0421
"2000-04-29",22.7665
"2000-04-30",20.2149
"2000-05-01",25.0486
"2000-05-02",28.6685
"2000-05-03",29.9573
"2000-05-04",30.5022
"2000-05-05",29.2013
"2000-05-06",28.791
"2000-05-07",26.5055
"2000-05-08",25.2085
"2000-05-09",27.1441
"2000-05-10",28.4138
"2000-05-11",22.8822
"2000-05-12",16.7206
"2000-05-13",23.9029
"2000-05-14",27.6714
"2000-05-15",30.1563
"2000-05-16",24.1067
"2000-05-17",18.3082
"2000-05-18",21.2546
"2000-05-19",24.4897
"2000-05-20",26.705
"2000-05-21",28.926
"2000-05-22",31.724
"2000-05-23",33.8111
"2000-05-24",33.1243
"2000-05-25",29.3624
"2000-05-26",27.069
"2000-05-27",30.3982
"2000-05-28",34.9622
"2000-05-29",35.3366
"2000-05-30",34.5515
"2000-05-31",30.8817
"2000-06-01",31.0346
"2000-06-02",30.9069
"2000-06-03",31.7284
"2000-06-04",33.1611
"2000-06-05",33.3374
"2000-06-06",32.7088
"2000-06-07",34.1634
"2000-06-08",29.8926
"2000-06-09",25.8454
"2000-06-10",27.4902
"2000-06-11",29.103
"2000-06-12",31.1464
"2000-06-13",31.1746
"2000-06-14",31.0425
"2000-06-15",34.2711
"2000-06-16",32.3476
"2000-06-17",30.6082
"2000-06-18",30.9324
"2000-06-19",29.7364
"2000-06-20",30.5837
"2000-06-21",31.6809
"2000-06-22",31.6002
"2000-06-23",29.7272
"2000-06-24",30.9662
"2000-06-25",31.0999
"2000-06-26",31.3806
"2000-06-27",32.3082
"2000-06-28",32.9574
"2000-06-29",31.9921
"2000-06-30",32.4268
"2000-07-01",32.3291
"2000-07-02",31.9065
"2000-07-03",31.0904
"2000-07-04",30.7355
"2000-07-05",31.3086
"2000-07-06",32.1746
"2000-07-07",32.3665
"2000-07-08",31.0266
"2000-07-09",30.2952
"2000-07-10",31.8832
"2000-07-11",32.8536
"2000-07-12",33.6045
"2000-07-13",34.2886
"2000-07-14",33.6315
"2000-07-15",32.9112
"2000-07-16",32.9431
"2000-07-17",32.9105
"2000-07-18",34.0735
"2000-07-19",35.0549
"2000-07-20",35.1415
"2000-07-21",35.6674
"2000-07-22",35.8259
"2000-07-23",34.7888
"2000-07-24",34.5771
"2000-07-25",34.4486
"2000-07-26",34.3481
"2000-07-27",34.1916
"2000-07-28",35.7408
"2000-07-29",36.1659
"2000-07-30",34.3833
"2000-07-31",33.6826
"2000-08-01",34.9026
"2000-08-02",35.6073
"2000-08-03",36.0384
"2000-08-04",34.818
"2000-08-05",34.4728
"2000-08-06",33.6641
"2000-08-07",33.6453
"2000-08-08",33.3471
"2000-08-09",33.5074
"2000-08-10",32.2153
"2000-08-11",32.028
"2000-08-12",31.9037
"2000-08-13",32.6696
"2000-08-14",32.9899
"2000-08-15",33.503
"2000-08-16",32.8488
"2000-08-17",32.0543
"2000-08-18",29.2187
"2000-08-19",29.9961
"2000-08-20",30.8079
"2000-08-21",30.9724
"2000-08-22",31.224
"2000-08-23",30.0151
"2000-08-24",31.616
"2000-08-25",31.0473
"2000-08-26",29.8643
"2000-08-27",29.7149
"2000-08-28",28.9608
"2000-08-29",24.1996
"2000-08-30",25.3091
"2000-08-31",25.9415
"2000-09-01",26.6289
"2000-09-02",26.7862
"2000-09-03",28.6288
"2000-09-04",31.9853
"2000-09-05",31.4885
"2000-09-06",28.7581
"2000-09-07",30.3073
"2000-09-08",30.0882
"2000-09-09",28.5937
"2000-09-10",28.6385
"2000-09-11",28.7277
"2000-09-12",30.0503
"2000-09-13",31.7301
"2000-09-14",33.3408
"2000-09-15",32.3253
"2000-09-16",32.9225
"2000-09-17",32.4847
"2000-09-18",28.9275
"2000-09-19",27.9745
"2000-09-20",28.1647
"2000-09-21",28.873
"2000-09-22",27.3319
"2000-09-23",21.5635
"2000-09-24",16.7881
"2000-09-25",23.1921
"2000-09-26",26.5148
"2000-09-27",28.3818
"2000-09-28",28.3833
"2000-09-29",28.5633
"2000-09-30",27.7519
"2000-10-01",28.3911
"2000-10-02",27.6962
"2000-10-03",26.4373
"2000-10-04",24.7078
"2000-10-05",24.0813
"2000-10-06",25.4397
"2000-10-07",23.8986
"2000-10-08",22.0301
"2000-10-09",20.2201
"2000-10-10",15.6182
"2000-10-11",16.3601
"2000-10-12",15.7
"2000-10-13",14.7201
"2000-10-14",16.2868
"2000-10-15",17.9705
"2000-10-16",19.2927
"2000-10-17",20.2042
"2000-10-18",21.2509
"2000-10-19",20.3474
"2000-10-20",20.6722
"2000-10-21",17.7559
"2000-10-22",14.6634
"2000-10-23",14.3791
"2000-10-24",11.7133
"2000-10-25",14.6057
"2000-10-26",16.6399
"2000-10-27",15.0992
"2000-10-28",10.5678
"2000-10-29",12.6505
"2000-10-30",13.5001
"2000-10-31",9.4125
"2000-11-01",10.2947
"2000-11-02",11.0996
"2000-11-03",12.5213
"2000-11-04",13.2485
"2000-11-05",10.9783
"2000-11-06",6.9681
"2000-11-07",4.5995
"2000-11-08",6.7673
"2000-11-09",10.5386
"2000-11-10",8.5715
"2000-11-11",4.7018
"2000-11-12",1.864
"2000-11-13",2.3804
"2000-11-14",6.6156
"2000-11-15",4.6414
"2000-11-16",2.8078
"2000-11-17",1.5423
"2000-11-18",1.2032
"2000-11-19",5.7939
"2000-11-20",8.9829
"2000-11-21",10.5426
"2000-11-22",12.1321
"2000-11-23",8.1892
"2000-11-24",9.5194
"2000-11-25",7.321
"2000-11-26",8.2913
"2000-11-27",11.2846
"2000-11-28",12.4033
"2000-11-29",14.4683
"2000-11-30",13.5832
"2000-12-01",11.9527
"2000-12-02",12.5541
"2000-12-03",12.5659
"2000-12-04",12.6067
"2000-12-05",12.3269
"2000-12-06",11.8411
"2000-12-07",12.4414
"2000-12-08",12.5585
"2000-12-09",11.3765
"2000-12-10",11.7873
"2000-12-11",8.4932
"2000-12-12",9.1714
"2000-12-13",6.2185
"2000-12-14",6.6078
"2000-12-15",7.2906
"2000-12-16",6.3765
"2000-12-17",7.9177
"2000-12-18",2.8735
"2000-12-19",5.6105
"2000-12-20",5.2468
"2000-12-21",7.239
"2000-12-22",9.4599
"2000-12-23",9.289
"2000-12-24",9.7295
"2000-12-25",5.1975
"2000-12-26",4.207
"2000-12-27",4.4297
"2000-12-28",5.7189
"2000-12-29",5.2409
"2000-12-30",5.3995
"2000-12-31",4.5026
"2001-01-01",5.5258
"2001-01-02",6.8494
"2001-01-03",7.298
"2001-01-04",8.622
"2001-01-05",10.1041
"2001-01-06",10.0445
"2001-01-07",9.4902
"2001-01-08",8.8974
"2001-01-09",6.5873
"2001-01-10",8.0997
"2001-01-11",8.4594
"2001-01-12",8.5304
"2001-01-13",4.953
"2001-01-14",2.8931
"2001-01-15",2.2503
"2001-01-16",2.0154
"2001-01-17",1.0265
"2001-01-18",0.5223
"2001-01-19",0.9651
"2001-01-20",2.5066
"2001-01-21",3.8516
"2001-01-22",5.4876
"2001-01-23",6.2532
"2001-01-24",6.1335
"2001-01-25",5.8378
"2001-01-26",5.8639
"2001-01-27",5.3866
"2001-01-28",3.1173
"2001-01-29",3.0587
"2001-01-30",1.9152
"2001-01-31",0.2451
"2001-02-01",0.77
"2001-02-02",2.9659
"2001-02-03",4.5359
"2001-02-04",6.9709
"2001-02-05",9.4327
"2001-02-06",12.039
"2001-02-07",12.595
"2001-02-08",7.4674
"2001-02-09",5.2857
"2001-02-10",7.5744
"2001-02-11",8.0972
"2001-02-12",10.0022
"2001-02-13",10.2906
"2001-02-14",6.411
"2001-02-15",5.7216
"2001-02-16",7.9868
"2001-02-17",11.7013
"2001-02-18",12.1167
"2001-02-19",14.353
"2001-02-20",15.0296
"2001-02-21",14.2749
"2001-02-22",17.2013
"2001-02-23",12.6282
"2001-02-24",8.7588
"2001-02-25",11.2791
"2001-02-26",11.0362
"2001-02-27",12.3584
"2001-02-28",7.5349
"2001-03-01",7.0669
"2001-03-02",8.7374
"2001-03-03",8.3881
"2001-03-04",12.9938
"2001-03-05",17.4345
"2001-03-06",17.034
"2001-03-07",14.8776
"2001-03-08",14.5352
"2001-03-09",15.6779
"2001-03-10",11.0435
"2001-03-11",8.3461
"2001-03-12",9.8419
"2001-03-13",12.2175
"2001-03-14",13.5787
"2001-03-15",9.1052
"2001-03-16",14.1377
"2001-03-17",9.451
"2001-03-18",12.6452
"2001-03-19",16.3546
"2001-03-20",20.7494
"2001-03-21",20.9298
"2001-03-22",20.8948
"2001-03-23",19.7343
"2001-03-24",20.2227
"2001-03-25",20.9052
"2001-03-26",18.6014
"2001-03-27",17.3236
"2001-03-28",15.634
"2001-03-29",15.1328
"2001-03-30",16.0946
"2001-03-31",18.4489
"2001-04-01",21.3331
"2001-04-02",20.7677
"2001-04-03",20.0279
"2001-04-04",20.6637
"2001-04-05",16.747
"2001-04-06",12.3389
"2001-04-07",14.4643
"2001-04-08",12.6502
"2001-04-09",15.7038
"2001-04-10",9.2695
"2001-04-11",10.1166
"2001-04-12",10.6238
"2001-04-13",17.2417
"2001-04-14",18.6074
"2001-04-15",21.7607
"2001-04-16",23.8908
"2001-04-17",25.4571
"2001-04-18",26.5133
"2001-04-19",23.8505
"2001-04-20",17.6669
"2001-04-21",14.3268
"2001-04-22",13.5745
"2001-04-23",17.2611
"2001-04-24",22.4608
"2001-04-25",25.0546
"2001-04-26",27.0994
"2001-04-27",27.0282
"2001-04-28",25.8184
"2001-04-29",24.2617
"2001-04-30",25.6683
"2001-05-01",28.6012
"2001-05-02",23.9945
"2001-05-03",15.7004
"2001-05-04",13.4226
"2001-05-05",19.2085
"2001-05-06",22.4168
"2001-05-07",24.7997
"2001-05-08",27.216
"2001-05-09",29.016
"2001-05-10",28.3848
"2001-05-11",29.064
"2001-05-12",29.6692
"2001-05-13",26.2076
"2001-05-14",26.8463
"2001-05-15",27.3589
"2001-05-16",27.6017
"2001-05-17",27.0357
"2001-05-18",28.2903
"2001-05-19",23.2295
"2001-05-20",26.4694
"2001-05-21",23.329
"2001-05-22",26.8045
"2001-05-23",29.1542
"2001-05-24",31.0919
"2001-05-25",31.4201
"2001-05-26",31.0659
"2001-05-27",30.309
"2001-05-28",28.9542
"2001-05-29",28.0869
"2001-05-30",30.1364
"2001-05-31",30.8111
"2001-06-01",32.4194
"2001-06-02",31.4638
"2001-06-03",27.7068
"2001-06-04",26.5035
"2001-06-05",28.1689
"2001-06-06",32.1101
"2001-06-07",34.2005
"2001-06-08",33.7527
"2001-06-09",32.7238
"2001-06-10",33.5758
"2001-06-11",32.8479
"2001-06-12",30.3723
"2001-06-13",24.5061
"2001-06-14",22.4558
"2001-06-15",29.9781
"2001-06-16",32.8919
"2001-06-17",33.8114
"2001-06-18",33.7045
"2001-06-19",33.9506
"2001-06-20",34.6161
"2001-06-21",34.8003
"2001-06-22",35.3051
"2001-06-23",33.9981
"2001-06-24",33.1941
"2001-06-25",31.8393
"2001-06-26",27.5853
"2001-06-27",31.8718
"2001-06-28",33.8793
"2001-06-29",35.7418
"2001-06-30",34.9881
"2001-07-01",35.7103
"2001-07-02",35.7468
"2001-07-03",34.6313
"2001-07-04",34.2769
"2001-07-05",34.0889
"2001-07-06",32.2485
"2001-07-07",30.6391
"2001-07-08",31.6763
"2001-07-09",31.9599
"2001-07-10",30.6026
"2001-07-11",30.9451
"2001-07-12",31.7924
"2001-07-13",32.8077
"2001-07-14",31.0144
"2001-07-15",30.5568
"2001-07-16",30.3682
"2001-07-17",29.571
"2001-07-18",30.4546
"2001-07-19",31.0155
"2001-07-20",31.0134
"2001-07-21",31.2013
"2001-07-22",31.9503
"2001-07-23",30.664
"2001-07-24",31.0003
"2001-07-25",31.4239
"2001-07-26",30.1889
"2001-07-27",32.2533
"2001-07-28",34.2692
"2001-07-29",33.7185
"2001-07-30",30.8397
"2001-07-31",29.8235
"2001-08-01",30.5971
"2001-08-02",30.4935
"2001-08-03",30.2003
"2001-08-04",30.1223
"2001-08-05",31.9788
"2001-08-06",32.9387
"2001-08-07",32.9099
"2001-08-08",29.7737
"2001-08-09",28.3204
"2001-08-10",29.1393
"2001-08-11",30.2554
"2001-08-12",29.5995
"2001-08-13",28.3347
"2001-08-14",28.6533
"2001-08-15",30.0678
"2001-08-16",31.021
"2001-08-17",31.8769
"2001-08-18",32.331
"2001-08-19",32.4857
"2001-08-20",29.0413
"2001-08-21",28.2876
"2001-08-22",27.551
"2001-08-23",28.7568
"2001-08-24",30.29
"2001-08-25",31.8453
"2001-08-26",32.9397
"2001-08-27",33.2531
"2001-08-28",32.718
"2001-08-29",30.9594
"2001-08-30",28.7316
"2001-08-31",29.3679
"2001-09-01",29.7559
"2001-09-02",30.9717
"2001-09-03",31.5367
"2001-09-04",32.4508
"2001-09-05",31.1069
"2001-09-06",29.4447
"2001-09-07",24.5134
"2001-09-08",23.6067
"2001-09-09",26.3591
"2001-09-10",29.3692
"2001-09-11",30.916
"2001-09-12",31.0187
"2001-09-13",29.488
"2001-09-14",28.8697
"2001-09-15",29.6814
"2001-09-16",28.586
"2001-09-17",26.9442
"2001-09-18",27.0621
"2001-09-19",29.3589
"2001-09-20",29.559
"2001-09-21",29.5998
"2001-09-22",29.5995
"2001-09-23",29.9529
"2001-09-24",30.3667
"2001-09-25",29.8763
"2001-09-26",29.4245
"2001-09-27",30.1792
"2001-09-28",30.0086
"2001-09-29",28.7488
"2001-09-30",28.5318
"2001-10-01",26.265
"2001-10-02",26.2343
"2001-10-03",26.8207
"2001-10-04",26.037
"2001-10-05",25.5999
"2001-10-06",24.6507
"2001-10-07",22.9056
"2001-10-08",21.1065
"2001-10-09",19.9251
"2001-10-10",16.4429
"2001-10-11",19.4046
"2001-10-12",14.7669
"2001-10-13",18.4147
"2001-10-14",21.2645
"2001-10-15",22.4174
"2001-10-16",24.6644
"2001-10-17",24.5825
"2001-10-18",23.3735
"2001-10-19",22.4182
"2001-10-20",23.4321
"2001-10-21",22.5947
"2001-10-22",20.2029
"2001-10-23",21.7002
"2001-10-24",16.5503
"2001-10-25",20.137
"2001-10-26",22.5835
"2001-10-27",24.3634
"2001-10-28",24.0979
"2001-10-29",22.6917
"2001-10-30",24.3957
"2001-10-31",19.0892
"2001-11-01",17.1914
"2001-11-02",18.4598
"2001-11-03",20.0817
"2001-11-04",21.3132
"2001-11-05",19.5041
"2001-11-06",18.8885
"2001-11-07",17.6441
"2001-11-08",15.9824
"2001-11-09",16.8854
"2001-11-10",17.6071
"2001-11-11",18.3082
"2001-11-12",18.3826
"2001-11-13",15.5091
"2001-11-14",13.9249
"2001-11-15",15.3818
"2001-11-16",16.4521
"2001-11-17",18.1826
"2001-11-18",16.1048
"2001-11-19",13.8874
"2001-11-20",13.0068
"2001-11-21",13.2617
"2001-11-22",13.521
"2001-11-23",8.7407
"2001-11-24",8.607
"2001-11-25",7.2914
"2001-11-26",0.7846
"2001-11-27",-1.0147
"2001-11-28",-0.4529
"2001-11-29",1.8508
"2001-11-30",6.1968
"2001-12-01",9.5427
"2001-12-02",13.8305
"2001-12-03",15.0128
"2001-12-04",11.1901
"2001-12-05",8.8281
"2001-12-06",8.1999
"2001-12-07",8.2989
"2001-12-08",5.8976
"2001-12-09",7.6004
"2001-12-10",7.297
"2001-12-11",5.0343
"2001-12-12",2.4441
"2001-12-13",4.0506
"2001-12-14",5.2719
"2001-12-15",3.6781
"2001-12-16",1.4501
"2001-12-17",4.553
"2001-12-18",4.9695
"2001-12-19",6.0417
"2001-12-20",8.9412
"2001-12-21",6.1284
"2001-12-22",3.3069
"2001-12-23",2.8918
"2001-12-24",3.8297
"2001-12-25",2.8138
"2001-12-26",3.0612
"2001-12-27",4.2649
"2001-12-28",6.0448
"2001-12-29",6.7091
"2001-12-30",7.1584
"2001-12-31",5.4054
"2002-01-01",5.8436
"2002-01-02",4.2674
"2002-01-03",4.7379
"2002-01-04",4.3306
"2002-01-05",3.8295
"2002-01-06",5.4866
"2002-01-07",7.7344
"2002-01-08",9.8889
"2002-01-09",11.0832
"2002-01-10",8.9145
"2002-01-11",8.3624
"2002-01-12",9.06
"2002-01-13",8.9733
"2002-01-14",8.5821
"2002-01-15",11.8764
"2002-01-16",8.7619
"2002-01-17",8.4342
"2002-01-18",5.7482
"2002-01-19",3.3444
"2002-01-20",3.0888
"2002-01-21",5.2253
"2002-01-22",9.2761
"2002-01-23",3.8751
"2002-01-24",0.5479
"2002-01-25",4.9674
"2002-01-26",9.9559
"2002-01-27",11.4816
"2002-01-28",11.0201
"2002-01-29",7.7094
"2002-01-30",4.4529
"2002-01-31",-0.2097
"2002-02-01",2.1676
"2002-02-02",4.5701
"2002-02-03",4.7776
"2002-02-04",5.3975
"2002-02-05",3.4519
"2002-02-06",5.4584
"2002-02-07",8.4124
"2002-02-08",12.3099
"2002-02-09",6.2706
"2002-02-10",6.7617
"2002-02-11",10.1753
"2002-02-12",11.223
"2002-02-13",11.238
"2002-02-14",12.6178
"2002-02-15",11.5489
"2002-02-16",14.6911
"2002-02-17",17.1561
"2002-02-18",11.7287
"2002-02-19",11.5176
"2002-02-20",15.2812
"2002-02-21",13.3855
"2002-02-22",17.3647
"2002-02-23",21.6215
"2002-02-24",16.2532
"2002-02-25",12.8662
"2002-02-26",9.5619
"2002-02-27",13.6457
"2002-02-28",13.879
"2002-03-01",7.8317
"2002-03-02",-0.8371
"2002-03-03",1.0986
"2002-03-04",8.4696
"2002-03-05",13.9436
"2002-03-06",16.5972
"2002-03-07",16.4071
"2002-03-08",10.7676
"2002-03-09",12.4318
"2002-03-10",18.8549
"2002-03-11",14.0524
"2002-03-12",19.2354
"2002-03-13",20.4587
"2002-03-14",12.3902
"2002-03-15",8.8543
"2002-03-16",6.6286
"2002-03-17",8.4987
"2002-03-18",10.4601
"2002-03-19",12.3372
"2002-03-20",18.5923
"2002-03-21",22.6477
"2002-03-22",23.0416
"2002-03-23",19.2292
"2002-03-24",12.8761
"2002-03-25",14.04
"2002-03-26",18.3227
"2002-03-27",21.2883
"2002-03-28",21.6634
"2002-03-29",20.2295
"2002-03-30",20.6703
"2002-03-31",22.5271
"2002-04-01",24.2049
"2002-04-02",23.0035
"2002-04-03",23.6937
"2002-04-04",24.3726
"2002-04-05",24.2797
"2002-04-06",19.3325
"2002-04-07",19.6268
"2002-04-08",20.5103
"2002-04-09",23.2408
"2002-04-10",23.4219
"2002-04-11",23.0639
"2002-04-12",23.9076
"2002-04-13",24.0233
"2002-04-14",26.9773
"2002-04-15",24.3861
"2002-04-16",18.2981
"2002-04-17",20.7623
"2002-04-18",20.5683
"2002-04-19",20.6181
"2002-04-20",14.111
"2002-04-21",18.7858
"2002-04-22",23.2012
"2002-04-23",25.0192
"2002-04-24",25.2007
"2002-04-25",24.8142
"2002-04-26",23.0524
"2002-04-27",17.6946
"2002-04-28",23.1633
"2002-04-29",26.3372
"2002-04-30",25.294
"2002-05-01",20.1412
"2002-05-02",18.7663
"2002-05-03",21.2878
"2002-05-04",24.1441
"2002-05-05",25.0738
"2002-05-06",26.0403
"2002-05-07",25.4123
"2002-05-08",23.1084
"2002-05-09",24.0327
"2002-05-10",26.7196
"2002-05-11",24.2423
"2002-05-12",22.5384
"2002-05-13",27.0246
"2002-05-14",29.3167
"2002-05-15",27.9562
"2002-05-16",27.5801
"2002-05-17",29.9796
"2002-05-18",30.953
"2002-05-19",30.2508
"2002-05-20",28.4757
"2002-05-21",20.7899
"2002-05-22",20.445
"2002-05-23",22.2569
"2002-05-24",22.5318
"2002-05-25",27.0141
"2002-05-26",28.0997
"2002-05-27",28.046
"2002-05-28",30.6863
"2002-05-29",32.9855
"2002-05-30",35.7738
"2002-05-31",36.1123
"2002-06-01",33.1469
"2002-06-02",30.3213
"2002-06-03",27.287
"2002-06-04",26.0119
"2002-06-05",29.3835
"2002-06-06",32.6304
"2002-06-07",34.1028
"2002-06-08",33.6992
"2002-06-09",31.2636
"2002-06-10",29.0249
"2002-06-11",30.025
"2002-06-12",31.9647
"2002-06-13",33.3575
"2002-06-14",34.5673
"2002-06-15",33.3774
"2002-06-16",34.5214
"2002-06-17",35.1877
"2002-06-18",34.8108
"2002-06-19",33.9561
"2002-06-20",34.3108
"2002-06-21",33.554
"2002-06-22",33.0409
"2002-06-23",34.158
"2002-06-24",35.6739
"2002-06-25",35.95
"2002-06-26",35.3859
"2002-06-27",35.0834
"2002-06-28",34.7947
"2002-06-29",35.2225
"2002-06-30",35.5963
"2002-07-01",35.8023
"2002-07-02",36.8062
"2002-07-03",34.3249
"2002-07-04",31.5009
"2002-07-05",32.9974
"2002-07-06",34.1471
"2002-07-07",35.1832
"2002-07-08",35.2463
"2002-07-09",35.164
"2002-07-10",33.8473
"2002-07-11",34.0201
"2002-07-12",35.3806
"2002-07-13",35.9071
"2002-07-14",36.9236
"2002-07-15",35.1161
"2002-07-16",32.4095
"2002-07-17",32.4569
"2002-07-18",31.8208
"2002-07-19",31.8292
"2002-07-20",32.5865
"2002-07-21",33.8416
"2002-07-22",32.9931
"2002-07-23",31.6326
"2002-07-24",33.2385
"2002-07-25",33.0468
"2002-07-26",32.2215
"2002-07-27",30.9542
"2002-07-28",31.9672
"2002-07-29",33.5445
"2002-07-30",34.8268
"2002-07-31",35.3478
"2002-08-01",34.3597
"2002-08-02",30.8048
"2002-08-03",30.9686
"2002-08-04",30.7745
"2002-08-05",29.609
"2002-08-06",28.1552
"2002-08-07",29.7395
"2002-08-08",31.3926
"2002-08-09",32.924
"2002-08-10",34.0798
"2002-08-11",34.9306
"2002-08-12",34.9766
"2002-08-13",33.5732
"2002-08-14",34.0232
"2002-08-15",34.8594
"2002-08-16",35.2053
"2002-08-17",35.8507
"2002-08-18",34.6835
"2002-08-19",32.6829
"2002-08-20",30.2503
"2002-08-21",28.9619
"2002-08-22",29.5686
"2002-08-23",29.5621
"2002-08-24",30.3378
"2002-08-25",31.9417
"2002-08-26",33.3726
"2002-08-27",31.7606
"2002-08-28",31.8848
"2002-08-29",29.1614
"2002-08-30",30.5667
"2002-08-31",30.4276
"2002-09-01",30.7132
"2002-09-02",30.802
"2002-09-03",30.5474
"2002-09-04",31.262
"2002-09-05",31.5516
"2002-09-06",29.3152
"2002-09-07",24.3917
"2002-09-08",24.3809
"2002-09-09",25.0801
"2002-09-10",22.3662
"2002-09-11",21.0598
"2002-09-12",24.4787
"2002-09-13",22.5159
"2002-09-14",25.217
"2002-09-15",25.8481
"2002-09-16",26.1738
"2002-09-17",26.2657
"2002-09-18",22.1052
"2002-09-19",20.6207
"2002-09-20",24.2489
"2002-09-21",26.0869
"2002-09-22",26.936
"2002-09-23",27.0507
"2002-09-24",27.6341
"2002-09-25",25.8787
"2002-09-26",26.5142
"2002-09-27",26.1894
"2002-09-28",22.5211
"2002-09-29",22.6106
"2002-09-30",21.4041
"2002-10-01",20.1922
"2002-10-02",17.9055
"2002-10-03",13.8977
"2002-10-04",17.9171
"2002-10-05",20.7622
"2002-10-06",21.6026
"2002-10-07",22.3984
"2002-10-08",22.1239
"2002-10-09",22.6533
"2002-10-10",23.4814
"2002-10-11",22.8049
"2002-10-12",20.1435
"2002-10-13",19.9863
"2002-10-14",21.2582
"2002-10-15",22.2446
"2002-10-16",21.5166
"2002-10-17",17.9393
"2002-10-18",16.8838
"2002-10-19",18.921
"2002-10-20",18.8316
"2002-10-21",18.7136
"2002-10-22",16.9717
"2002-10-23",14.9192
"2002-10-24",15.0889
"2002-10-25",16.2728
"2002-10-26",14.3298
"2002-10-27",11.7918
"2002-10-28",12.4058
"2002-10-29",11.7534
"2002-10-30",13.4856
"2002-10-31",15.637
"2002-11-01",16.2182
"2002-11-02",14.3998
"2002-11-03",10.21
"2002-11-04",13.0548
"2002-11-05",11.7361
"2002-11-06",15.3118
"2002-11-07",17.2745
"2002-11-08",13.5732
"2002-11-09",14.1962
"2002-11-10",10.5762
"2002-11-11",9.2411
"2002-11-12",10.5967
"2002-11-13",13.4991
"2002-11-14",10.1769
"2002-11-15",7.3891
"2002-11-16",9.9509
"2002-11-17",13.7745
"2002-11-18",9.6459
"2002-11-19",10.9251
"2002-11-20",12.6559
"2002-11-21",15.2834
"2002-11-22",16.4163
"2002-11-23",17.0085
"2002-11-24",12.0444
"2002-11-25",9.0014
"2002-11-26",8.1598
"2002-11-27",8.1101
"2002-11-28",10.1996
"2002-11-29",12.5834
"2002-11-30",12.726
"2002-12-01",10.5985
"2002-12-02",11.6984
"2002-12-03",9.8513
"2002-12-04",8.241
"2002-12-05",7.8794
"2002-12-06",7.5128
"2002-12-07",7.4506
"2002-12-08",7.8691
"2002-12-09",7.9081
"2002-12-10",7.6001
"2002-12-11",5.6921
"2002-12-12",6.3112
"2002-12-13",8.0464
"2002-12-14",9.513
"2002-12-15",11.7223
"2002-12-16",9.8291
"2002-12-17",6.0987
"2002-12-18",1.8335
"2002-12-19",1.4241
"2002-12-20",1.5347
"2002-12-21",0.8037
"2002-12-22",2.4193
"2002-12-23",2.344
"2002-12-24",-0.0601
"2002-12-25",-0.7548
"2002-12-26",-0.4642
"2002-12-27",2.2372
"2002-12-28",4.9419
"2002-12-29",3.3331
"2002-12-30",0.616
"2002-12-31",3.8017
"2003-01-01",4.2136
"2003-01-02",2.9583
"2003-01-03",4.277
"2003-01-04",6.117
"2003-01-05",6.9958
"2003-01-06",8.3666
"2003-01-07",10.3496
"2003-01-08",9.9159
"2003-01-09",9.5884
"2003-01-10",10.6902
"2003-01-11",10.7519
"2003-01-12",9.4009
"2003-01-13",11.7453
"2003-01-14",12.8416
"2003-01-15",11.3625
"2003-01-16",10.2122
"2003-01-17",10.9125
"2003-01-18",10.7423
"2003-01-19",12.3906
"2003-01-20",13.9699
"2003-01-21",13.7317
"2003-01-22",12.8373
"2003-01-23",13.4372
"2003-01-24",14.3741
"2003-01-25",12.9491
"2003-01-26",13.5421
"2003-01-27",16.3974
"2003-01-28",14.7496
"2003-01-29",14.1242
"2003-01-30",15.7852
"2003-01-31",15.2588
"2003-02-01",17.2118
"2003-02-02",11.4234
"2003-02-03",5.0972
"2003-02-04",6.5519
"2003-02-05",4.3664
"2003-02-06",0.7696
"2003-02-07",2.654
"2003-02-08",3.6642
"2003-02-09",2.5063
"2003-02-10",5.7563
"2003-02-11",8.6937
"2003-02-12",11.8899
"2003-02-13",12.3754
"2003-02-14",11.3443
"2003-02-15",10.9196
"2003-02-16",13.2609
"2003-02-17",13.4648
"2003-02-18",10.2981
"2003-02-19",8.3641
"2003-02-20",6.6614
"2003-02-21",8.6805
"2003-02-22",11.081
"2003-02-23",8.2833
"2003-02-24",11.1142
"2003-02-25",10.5418
"2003-02-26",7.6918
"2003-02-27",6.9892
"2003-02-28",5.9217
"2003-03-01",4.3912
"2003-03-02",5.4179
"2003-03-03",7.9946
"2003-03-04",6.9206
"2003-03-05",5.5957
"2003-03-06",10.8447
"2003-03-07",12.8532
"2003-03-08",15.4225
"2003-03-09",17.3388
"2003-03-10",18.1529
"2003-03-11",18.5171
"2003-03-12",18.8172
"2003-03-13",21.9979
"2003-03-14",20.6073
"2003-03-15",18.4104
"2003-03-16",15.2657
"2003-03-17",9.9495
"2003-03-18",9.4359
"2003-03-19",11.3404
"2003-03-20",14.1727
"2003-03-21",12.908
"2003-03-22",15.8
"2003-03-23",19.8863
"2003-03-24",17.3039
"2003-03-25",16.2895
"2003-03-26",21.4386
"2003-03-27",14.2468
"2003-03-28",7.8346
"2003-03-29",10.3502
"2003-03-30",16.5062
"2003-03-31",20.9764
"2003-04-01",22.5068
"2003-04-02",18.1401
"2003-04-03",12.4463
"2003-04-04",13.1374
"2003-04-05",11.8952
"2003-04-06",9.9868
"2003-04-07",11.4347
"2003-04-08",17.8341
"2003-04-09",21.5133
"2003-04-10",23.8266
"2003-04-11",23.2637
"2003-04-12",23.0391
"2003-04-13",23.4693
"2003-04-14",21.4698
"2003-04-15",15.2311
"2003-04-16",18.0412
"2003-04-17",18.8599
"2003-04-18",14.3717
"2003-04-19",15.0059
"2003-04-20",19.5489
"2003-04-21",21.1808
"2003-04-22",16.8165
"2003-04-23",12.4335
"2003-04-24",19.3903
"2003-04-25",22.1014
"2003-04-26",22.4459
"2003-04-27",23.205
"2003-04-28",23.0695
"2003-04-29",21.5999
"2003-04-30",18.2205
"2003-05-01",19.141
"2003-05-02",23.1591
"2003-05-03",20.8985
"2003-05-04",17.7009
"2003-05-05",17.0875
"2003-05-06",19.436
"2003-05-07",20.2872
"2003-05-08",18.8661
"2003-05-09",16.9579
"2003-05-10",16.1667
"2003-05-11",23.7052
"2003-05-12",26.4782
"2003-05-13",27.5486
"2003-05-14",27.4386
"2003-05-15",22.2718
"2003-05-16",28.3638
"2003-05-17",30.7476
"2003-05-18",27.0162
"2003-05-19",26.4338
"2003-05-20",27.7211
"2003-05-21",29.4753
"2003-05-22",31.7709
"2003-05-23",31.8957
"2003-05-24",31.5246
"2003-05-25",30.283
"2003-05-26",31.5041
"2003-05-27",33.5196
"2003-05-28",33.7487
"2003-05-29",33.2198
"2003-05-30",34.1448
"2003-05-31",32.627
"2003-06-01",31.6405
"2003-06-02",32.9931
"2003-06-03",31.7675
"2003-06-04",31.2521
"2003-06-05",28.9312
"2003-06-06",29.7364
"2003-06-07",30.4166
"2003-06-08",31.8681
"2003-06-09",30.5744
"2003-06-10",29.1563
"2003-06-11",27.3898
"2003-06-12",27.9008
"2003-06-13",29.1792
"2003-06-14",31.202
"2003-06-15",34.014
"2003-06-16",33.5682
"2003-06-17",32.3657
"2003-06-18",30.1909
"2003-06-19",30.3323
"2003-06-20",27.8333
"2003-06-21",28.6848
"2003-06-22",29.2315
"2003-06-23",29.0234
"2003-06-24",27.0702
"2003-06-25",26.8754
"2003-06-26",29.4069
"2003-06-27",32.4343
"2003-06-28",33.9936
"2003-06-29",34.3436
"2003-06-30",34.541
"2003-07-01",33.7392
"2003-07-02",33.6115
"2003-07-03",34.7516
"2003-07-04",36.0247
"2003-07-05",36.2153
"2003-07-06",35.1873
"2003-07-07",33.8918
"2003-07-08",35.1674
"2003-07-09",36.9247
"2003-07-10",37.4353
"2003-07-11",38.0228
"2003-07-12",37.6763
"2003-07-13",36.0705
"2003-07-14",36.8879
"2003-07-15",36.9016
"2003-07-16",35.3018
"2003-07-17",35.2804
"2003-07-18",34.2594
"2003-07-19",35.3772
"2003-07-20",36.6878
"2003-07-21",36.0776
"2003-07-22",36.543
"2003-07-23",36.2804
"2003-07-24",35.0689
"2003-07-25",34.523
"2003-07-26",35.1336
"2003-07-27",34.5195
"2003-07-28",32.9167
"2003-07-29",32.1447
"2003-07-30",32.8278
"2003-07-31",31.835
"2003-08-01",31.0134
"2003-08-02",31.0737
"2003-08-03",30.4947
"2003-08-04",31.1425
"2003-08-05",32.6752
"2003-08-06",33.5913
"2003-08-07",33.179
"2003-08-08",33.1454
"2003-08-09",33.66
"2003-08-10",34.8514
"2003-08-11",34.5881
"2003-08-12",33.8233
"2003-08-13",34.047
"2003-08-14",32.7754
"2003-08-15",28.5447
"2003-08-16",26.2301
"2003-08-17",28.9347
"2003-08-18",31.8852
"2003-08-19",31.8661
"2003-08-20",30.5896
"2003-08-21",31.9522
"2003-08-22",32.2815
"2003-08-23",31.5103
"2003-08-24",30.5095
"2003-08-25",30.9786
"2003-08-26",30.976
"2003-08-27",29.5905
"2003-08-28",29.6742
"2003-08-29",29.7889
"2003-08-30",30.0258
"2003-08-31",30.5091
"2003-09-01",31.5404
"2003-09-02",31.6698
"2003-09-03",30.7225
"2003-09-04",30.1414
"2003-09-05",28.7508
"2003-09-06",27.8431
"2003-09-07",27.2618
"2003-09-08",28.7793
"2003-09-09",24.278
"2003-09-10",23.4661
"2003-09-11",21.152
"2003-09-12",25.2168
"2003-09-13",26.1185
"2003-09-14",26.4323
"2003-09-15",27.7494
"2003-09-16",28.3445
"2003-09-17",27.0543
"2003-09-18",22.0141
"2003-09-19",26.1015
"2003-09-20",26.8093
"2003-09-21",26.3313
"2003-09-22",28.692
"2003-09-23",29.5317
"2003-09-24",29.1058
"2003-09-25",28.549
"2003-09-26",28.7393
"2003-09-27",29.6143
"2003-09-28",30.1268
"2003-09-29",29.374
"2003-09-30",28.4571
"2003-10-01",29.0435
"2003-10-02",25.8684
"2003-10-03",22.0813
"2003-10-04",21.6255
"2003-10-05",22.3796
"2003-10-06",23.709
"2003-10-07",23.9787
"2003-10-08",23.1399
"2003-10-09",25.6483
"2003-10-10",23.5099
"2003-10-11",22.0722
"2003-10-12",24.3338
"2003-10-13",21.4204
"2003-10-14",21.7474
"2003-10-15",23.093
"2003-10-16",23.1581
"2003-10-17",25.1123
"2003-10-18",26.584
"2003-10-19",26.565
"2003-10-20",26.0351
"2003-10-21",26.5981
"2003-10-22",26.9901
"2003-10-23",25.5303
"2003-10-24",21.6048
"2003-10-25",14.3478
"2003-10-26",14.4798
"2003-10-27",18.7399
"2003-10-28",20.7083
"2003-10-29",23.0962
"2003-10-30",18.3667
"2003-10-31",17.9159
"2003-11-01",16.5287
"2003-11-02",17.7374
"2003-11-03",11.951
"2003-11-04",8.9282
"2003-11-05",11.0046
"2003-11-06",13.5574
"2003-11-07",14.6839
"2003-11-08",14.9085
"2003-11-09",16.936
"2003-11-10",15.0356
"2003-11-11",13.8163
"2003-11-12",11.7687
"2003-11-13",12.2524
"2003-11-14",11.4869
"2003-11-15",10.6422
"2003-11-16",10.2878
"2003-11-17",9.8777
"2003-11-18",9.2731
"2003-11-19",12.6121
"2003-11-20",15.6813
"2003-11-21",14.8355
"2003-11-22",8.3717
"2003-11-23",-0.6953
"2003-11-24",4.9539
"2003-11-25",9.4107
"2003-11-26",6.6747
"2003-11-27",2.9214
"2003-11-28",6.0311
"2003-11-29",10.8726
"2003-11-30",16.3894
"2003-12-01",16.1877
"2003-12-02",13.9306
"2003-12-03",12.7786
"2003-12-04",12.633
"2003-12-05",12.3229
"2003-12-06",16.2675
"2003-12-07",15.6582
"2003-12-08",9.0092
"2003-12-09",5.5365
"2003-12-10",7.5195
"2003-12-11",6.6973
"2003-12-12",5.0674
"2003-12-13",5.8389
"2003-12-14",9.4169
"2003-12-15",4.6766
"2003-12-16",0.6488
"2003-12-17",2.1063
"2003-12-18",6.0196
"2003-12-19",7.5231
"2003-12-20",9.4973
"2003-12-21",11.0987
"2003-12-22",5.3562
"2003-12-23",6.9409
"2003-12-24",8.3692
"2003-12-25",9.6889
"2003-12-26",6.9596
"2003-12-27",0.7443
"2003-12-28",-1.9981
"2003-12-29",0.3204
"2003-12-30",5.3813
"2003-12-31",7.1292
"2004-01-01",8.4764
"2004-01-02",9.0849
"2004-01-03",7.2557
"2004-01-04",2.0758
"2004-01-05",-0.1616
"2004-01-06",1.9406
"2004-01-07",5.7346
"2004-01-08",7.1956
"2004-01-09",7.8943
"2004-01-10",8.4066
"2004-01-11",7.704
"2004-01-12",9.4408
"2004-01-13",9.6634
"2004-01-14",7.6448
"2004-01-15",5.6326
"2004-01-16",6.7455
"2004-01-17",6.8296
"2004-01-18",6.6858
"2004-01-19",7.1963
"2004-01-20",4.4643
"2004-01-21",5.8422
"2004-01-22",5.8428
"2004-01-23",7.0219
"2004-01-24",7.4288
"2004-01-25",4.9416
"2004-01-26",0.0923
"2004-01-27",2.1694
"2004-01-28",3.8534
"2004-01-29",5.8196
"2004-01-30",9.4036
"2004-01-31",6.9956
"2004-02-01",2.4864
"2004-02-02",3.9053
"2004-02-03",6.6945
"2004-02-04",3.3752
"2004-02-05",2.7531
"2004-02-06",1.7507
"2004-02-07",3.2149
"2004-02-08",2.0354
"2004-02-09",1.7731
"2004-02-10",4.4121
"2004-02-11",2.6981
"2004-02-12",-0.9481
"2004-02-13",-0.4756
"2004-02-14",3.479
"2004-02-15",5.74
"2004-02-16",8.8464
"2004-02-17",11.7173
"2004-02-18",15.7497
"2004-02-19",11.9417
"2004-02-20",10.0175
"2004-02-21",11.2313
"2004-02-22",11.3965
"2004-02-23",11.2912
"2004-02-24",9.9567
"2004-02-25",12.0503
"2004-02-26",15.4263
"2004-02-27",14.2023
"2004-02-28",8.0217
"2004-02-29",6.0287
"2004-03-01",7.5899
"2004-03-02",10.1088
"2004-03-03",12.2169
"2004-03-04",10.8271
"2004-03-05",8.1554
"2004-03-06",13.7694
"2004-03-07",15.4714
"2004-03-08",18.2246
"2004-03-09",20.4488
"2004-03-10",20.1916
"2004-03-11",19.4294
"2004-03-12",19.4693
"2004-03-13",18.7473
"2004-03-14",19.718
"2004-03-15",17.714
"2004-03-16",18.412
"2004-03-17",18.7351
"2004-03-18",21.2108
"2004-03-19",24.4522
"2004-03-20",26.361
"2004-03-21",25.7246
"2004-03-22",25.8912
"2004-03-23",24.6334
"2004-03-24",23.5842
"2004-03-25",23.8534
"2004-03-26",21.5264
"2004-03-27",16.8108
"2004-03-28",15.0305
"2004-03-29",20.7689
"2004-03-30",23.743
"2004-03-31",23.3542
"2004-04-01",21.5329
"2004-04-02",15.9343
"2004-04-03",14.1899
"2004-04-04",14.6603
"2004-04-05",13.8921
"2004-04-06",17.223
"2004-04-07",16.3145
"2004-04-08",16.3415
"2004-04-09",16.5872
"2004-04-10",13.6401
"2004-04-11",12.0727
"2004-04-12",16.3558
"2004-04-13",20.1757
"2004-04-14",20.6216
"2004-04-15",20.6761
"2004-04-16",21.3197
"2004-04-17",20.7075
"2004-04-18",15.3204
"2004-04-19",17.9938
"2004-04-20",16.5555
"2004-04-21",17.3894
"2004-04-22",14.6068
"2004-04-23",14.7393
"2004-04-24",17.8389
"2004-04-25",18.5604
"2004-04-26",22.4335
"2004-04-27",24.2973
"2004-04-28",23.8081
"2004-04-29",18.4822
"2004-04-30",15.9252
"2004-05-01",20.6132
"2004-05-02",23.6183
"2004-05-03",27.0699
"2004-05-04",29.5994
"2004-05-05",29.1958
"2004-05-06",27.8718
"2004-05-07",27.6769
"2004-05-08",27.972
"2004-05-09",28.8875
"2004-05-10",28.6845
"2004-05-11",24.5099
"2004-05-12",20.8033
"2004-05-13",20.3896
"2004-05-14",24.6827
"2004-05-15",27.9642
"2004-05-16",27.8118
"2004-05-17",27.8676
"2004-05-18",28.3556
"2004-05-19",29.0187
"2004-05-20",28.1807
"2004-05-21",25.857
"2004-05-22",22.6775
"2004-05-23",24.5829
"2004-05-24",25.212
"2004-05-25",26.2575
"2004-05-26",25.4358
"2004-05-27",26.8576
"2004-05-28",28.8924
"2004-05-29",23.364
"2004-05-30",22.8315
"2004-05-31",27.3962
"2004-06-01",30.8348
"2004-06-02",31.977
"2004-06-03",33.5964
"2004-06-04",33.4383
"2004-06-05",33.4739
"2004-06-06",34.206
"2004-06-07",32.2283
"2004-06-08",30.3047
"2004-06-09",28.3543
"2004-06-10",23.2411
"2004-06-11",25.5975
"2004-06-12",28.3144
"2004-06-13",31.617
"2004-06-14",33.7668
"2004-06-15",32.8717
"2004-06-16",31.0381
"2004-06-17",29.6354
"2004-06-18",30.712
"2004-06-19",30.7748
"2004-06-20",30.5301
"2004-06-21",29.9653
"2004-06-22",29.4962
"2004-06-23",30.8721
"2004-06-24",31.6887
"2004-06-25",31.5497
"2004-06-26",31.7536
"2004-06-27",31.9607
"2004-06-28",30.9772
"2004-06-29",29.159
"2004-06-30",29.2248
"2004-07-01",29.8033
"2004-07-02",31.2461
"2004-07-03",31.1736
"2004-07-04",29.6714
"2004-07-05",32.2216
"2004-07-06",33.4857
"2004-07-07",33.7331
"2004-07-08",31.6916
"2004-07-09",31.2129
"2004-07-10",31.6774
"2004-07-11",33.614
"2004-07-12",34.4447
"2004-07-13",34.0058
"2004-07-14",34.3839
"2004-07-15",34.0571
"2004-07-16",33.5434
"2004-07-17",33.2172
"2004-07-18",32.8081
"2004-07-19",33.4921
"2004-07-20",33.1976
"2004-07-21",33.9592
"2004-07-22",34.7079
"2004-07-23",32.9973
"2004-07-24",31.9034
"2004-07-25",30.7801
"2004-07-26",30.9934
"2004-07-27",30.4357
"2004-07-28",29.8831
"2004-07-29",32.2664
"2004-07-30",33.0562
"2004-07-31",34.2263
"2004-08-01",33.3761
"2004-08-02",28.7655
"2004-08-03",31.3668
"2004-08-04",33.1776
"2004-08-05",29.5048
"2004-08-06",30.7404
"2004-08-07",30.9156
"2004-08-08",32.0518
"2004-08-09",33.6798
"2004-08-10",33.5226
"2004-08-11",33.6441
"2004-08-12",33.8454
"2004-08-13",31.1714
"2004-08-14",30.1098
"2004-08-15",29.4326
"2004-08-16",28.9687
"2004-08-17",28.8635
"2004-08-18",27.8326
"2004-08-19",26.8924
"2004-08-20",27.4936
"2004-08-21",27.8357
"2004-08-22",28.878
"2004-08-23",26.7066
"2004-08-24",25.6295
"2004-08-25",27.2623
"2004-08-26",28.9127
"2004-08-27",27.5684
"2004-08-28",29.2857
"2004-08-29",30.3293
"2004-08-30",31.0438
"2004-08-31",31.372
"2004-09-01",30.9847
"2004-09-02",30.9779
"2004-09-03",28.2314
"2004-09-04",22.462
"2004-09-05",22.7906
"2004-09-06",26.2196
"2004-09-07",27.5811
"2004-09-08",29.1804
"2004-09-09",29.6757
"2004-09-10",29.0608
"2004-09-11",30.6862
"2004-09-12",30.8355
"2004-09-13",29.1178
"2004-09-14",27.9428
"2004-09-15",26.4259
"2004-09-16",28.6845
"2004-09-17",29.6144
"2004-09-18",28.0477
"2004-09-19",20.6373
"2004-09-20",20.0982
"2004-09-21",17.2052
"2004-09-22",16.3778
"2004-09-23",20.7396
"2004-09-24",23.2562
"2004-09-25",23.2989
"2004-09-26",23.5282
"2004-09-27",24.7918
"2004-09-28",24.5952
"2004-09-29",19.9921
"2004-09-30",18.3625
"2004-10-01",19.0102
"2004-10-02",21.5901
"2004-10-03",23.2339
"2004-10-04",23.4236
"2004-10-05",21.6338
"2004-10-06",19.9105
"2004-10-07",21.4387
"2004-10-08",23.2763
"2004-10-09",24.0158
"2004-10-10",22.8099
"2004-10-11",18.5583
"2004-10-12",20.5294
"2004-10-13",17.4557
"2004-10-14",19.0087
"2004-10-15",22.6181
"2004-10-16",22.6598
"2004-10-17",16.5126
"2004-10-18",15.3042
"2004-10-19",16.0678
"2004-10-20",17.2718
"2004-10-21",16.7372
"2004-10-22",11.4491
"2004-10-23",15.4259
"2004-10-24",14.6734
"2004-10-25",17.6084
"2004-10-26",17.7373
"2004-10-27",16.3783
"2004-10-28",12.6633
"2004-10-29",9.7006
"2004-10-30",11.3501
"2004-10-31",10.1555
"2004-11-01",4.1528
"2004-11-02",7.1193
"2004-11-03",11.2182
"2004-11-04",15.1972
"2004-11-05",16.1234
"2004-11-06",18.1897
"2004-11-07",17.6216
"2004-11-08",15.9811
"2004-11-09",10.61
"2004-11-10",10.5886
"2004-11-11",12.2024
"2004-11-12",11.5191
"2004-11-13",7.7956
"2004-11-14",8.8956
"2004-11-15",10.7182
"2004-11-16",11.0898
"2004-11-17",12.9905
"2004-11-18",12.9735
"2004-11-19",11.4685
"2004-11-20",9.658
"2004-11-21",9.5555
"2004-11-22",9.3383
"2004-11-23",8.0311
"2004-11-24",6.0618
"2004-11-25",8.6661
"2004-11-26",7.4794
"2004-11-27",9.8132
"2004-11-28",4.8364
"2004-11-29",-1.7068
"2004-11-30",1.7254
"2004-12-01",3.3178
"2004-12-02",3.5342
"2004-12-03",5.008
"2004-12-04",5.5099
"2004-12-05",5.9217
"2004-12-06",5.8118
"2004-12-07",5.3101
"2004-12-08",5.6669
"2004-12-09",7.8809
"2004-12-10",8.8198
"2004-12-11",10.6145
"2004-12-12",10.5982
"2004-12-13",10.8839
"2004-12-14",10.1707
"2004-12-15",9.6836
"2004-12-16",7.3899
"2004-12-17",6.537
"2004-12-18",8.0495
"2004-12-19",9.4468
"2004-12-20",10.0175
"2004-12-21",8.4835
"2004-12-22",2.4611
"2004-12-23",-0.2893
"2004-12-24",-1.0507
"2004-12-25",2.6281
"2004-12-26",6.6312
"2004-12-27",9.832
"2004-12-28",11.1222
"2004-12-29",11.4815
"2004-12-30",10.3199
"2004-12-31",8.9936